[
    {
        "id": 1,
        "condition": "less_than",
        "value": 100,
        "tag": "",
        "shipping": "Normal",
        "active": true
    },
    {
        "id": 2,
        "condition": "greater_than",
        "value": 100,
        "tag": "High Value",
        "shipping": "Express",
        "active": true
    },
    {
        "id": 3,
        "condition": "greater_than",
        "value": 500,
        "tag": "Very High Value",
        "shipping": "Super Express",
        "active": true
    }
]